CREATE DATABASE QL_DTDD1
GO
USE QL_DTDD1
GO
CREATE TABLE SANPHAM(
MASP CHAR(20),
TENSP NVARCHAR(20),
DUONGDAN NVARCHAR(50),
GIA FLOAT,
MOTA NVARCHAR(100),
MALOAI NVARCHAR(20),
CONSTRAINT PK_SANPHAM PRIMARY KEY (MASP)

)
ALTER TABLE SANPHAM
ADD CONSTRAINT FK_SANPHAM_LOAI FOREIGN KEY (MALOAI) REFERENCES LOAI(MALOAI);
CREATE TABLE KHACHHANG(
MAKH CHAR(20),
HOTEN NVARCHAR(50),
DIENTHOAI CHAR(10),
GIOITINH NVARCHAR(20),
SOTHICH NVARCHAR(100),
EMAIL VARCHAR(50),
MATKHAU CHAR(50),
CONSTRAINT PK_KHACHHANG PRIMARY KEY (MAKH)
)
CREATE TABLE LOAI(
MALOAI NVARCHAR(20),
TENLOAI NVARCHAR(50),
CONSTRAINT PK_LOAI PRIMARY KEY (MALOAI)
)
CREATE TABLE GIOHANG(
MAGH NVARCHAR(20),
MAKH CHAR(20),
MASP CHAR(20),
SOLUONG FLOAT,
NGAY DATE,
CONSTRAINT PK_GIOHANG PRIMARY KEY (MAGH),
CONSTRAINT PK_GIOHANG_KHACHHANG FOREIGN KEY (MAKH) REFERENCES KHACHHANG(MAKH),
CONSTRAINT PK_GIOHANG_SANPHAM FOREIGN KEY (MASP) REFERENCES SANPHAM(MASP)
)
SELECT *FROM SANPHAM
SELECT *FROM LOAI
SELECT *FROM KHACHHANG
SELECT *FROM GIOHANG
DROP TABLE GIOHANG;
DROP TABLE SANPHAM;
Drop TABLE KHACHHANG;
DROP TABLE LOAI;
INSERT INTO LOAI (MALOAI, TENLOAI) VALUES
(1, N'Nokia'),
(2, N'SamSung'),
(3, N'Motorola'),
(4, N'LG'),
(5, N'Oppo'),
(6, N'Iphone'),
(7, N'BPhone');
INSERT INTO SANPHAM (MASP, TENSP, DUONGDAN, GIA, MOTA, MALOAI) VALUES
('1', 'N701', 'N70.jpg', 2000000, N'Nâng cấp BN', 1),
('2', 'N72', 'N72.jpg', 21000000, N'Nâng cấp BN, 2 màu Đen, Xám', 1),
('3', 'N6030', 'N6030.jpg', 3000000, N'Nâng cấp BN, Gấp', 1),
('4', 'N6200', 'N6200.jpg', 32000000, N'Nâng cấp BN', 1),
('5', 'GalaxyA6', 'GalaxyA6.jpg', 5200000, N'Nâng cấp BN, Màu Đen, Xám, Đỏ, Bạc', 2),
('6', 'GalaxyA9', 'GalaxyA9.jpg', 5500000, N'Nâng cấp BN, Màu Đen, Xám, Đỏ, Bạc', 2),
('7', 'GalaxyJ5', 'GalaxyJ5.jpg', 8600000, N'Nâng cấp BN, Màu Đen, Xám, Đỏ, Bạc', 2),
('8', 'MotoE5', 'MotoE5.jpg', 2300000, N'Unlimited Extra', 3),
('9', 'MotoG7', 'MotoG7.jpg', 8000000, N'Unlimited Extra', 3),
('10', 'Iphone4S', 'Iphone4S.jpg', 30000000, N'Không nâng cấp', 6),
('11', 'Iphone5S', 'Iphone5S.jpg', 50000000, N'Không nâng cấp', 6),
('12', 'Iphone6p', 'Iphone6p.jpg', 90000000, N'Không nâng cấp', 6),
('13', 'Iphone7', 'Iphone7.jpg', 150000000, N'Không nâng cấp', 6),
('14', 'Iphone8p', 'Iphone8p.jpg', 200000000, N'Không nâng cấp', 6);
INSERT INTO KHACHHANG (MAKH, HOTEN, DIENTHOAI, GIOITINH, SOTHICH, EMAIL, MATKHAU) VALUES
('KH01', N'Nguyễn Văn A', '0912345678', N'Nam', N'Thích Nokia, Samsung', 'vana@example.com', '123456'),
('KH02', N'Trần Thị B', '0987654321', N'Nữ', N'Thích Iphone', 'thib@example.com', '123456'),
('KH03', N'Lê Văn C', '0933555777', N'Nam', N'Thích Motorola', 'vanc@example.com', '123456'),
('KH04', N'Phạm Thị D', '0977888999', N'Nữ', N'Thích Oppo', 'thid@example.com', '123456');
INSERT INTO GIOHANG (MAGH, MAKH, MASP, SOLUONG, NGAY) VALUES
('GH01', 'KH01', '10', 1, '2024-09-01'),
('GH02', 'KH01', '5', 2, '2024-09-02'),
('GH03', 'KH02', '13', 1, '2024-09-02'),
('GH04', 'KH03', '8', 3, '2024-09-03'),
('GH05', 'KH04', '12', 1, '2024-09-04');

SELECT MASP, TENSP, DUONGDAN FROM SANPHAM;